timestamp,session_id,query,response,crisis_flag
2026-02-18T18:11:16.559861,test123,"Hello, how are you?","Hello! I'm functioning perfectly and ready to assist you.

How are you doing today?",False
2026-02-18T18:12:03.257857,test456,hi,Hi there! How can I help you today?,False
2026-02-18T18:12:44.060321,user_7187,hi,Hi there! How can I help you today?,False
2026-02-18T18:13:00.528541,user_7187,i have stress,"I'm really sorry to hear that you're feeling stressed. That can be a very challenging and overwhelming experience.

It's good that you're acknowledging it. Stress is a common issue, and there are many ways to approach it.

To help me understand a bit better, would you like to share:

*   **What kind of stress are you experiencing?** (e.g., work-related, personal, financial, health, general overwhelm)
*   **How is it affecting you?** (e.g., difficulty sleeping, feeling anxious, low energy, irritability)
*   **How long have you been feeling this way?**

Even if you don't want to go into details, I can offer some general strategies and resources that might help you cope. We can talk about:

*   **Mindfulness and relaxation techniques**
*   **Time management tips**
*   **Ways to improve sleep**
*   **The importance of physical activity and diet**
*   **When and how to seek professional help**

Please let me know how you'd like to proceed, or if you just want to vent. I'm here to listen and help in any way I can.",False
2026-02-18T18:13:22.590341,user_7187,exam issue,"Ah, exam stress. That's incredibly common and can feel really overwhelming. Many people experience it, and it's a valid source of anxiety.

It's good that you've identified the cause. Knowing what's stressing you out is the first step.

To help me give you the most relevant advice, could you tell me a little more about what aspects of the exams are causing you stress? For example:

*   **Is it the sheer volume of material to learn?**
*   **Are you worried about not understanding the concepts?**
*   **Is it the pressure to perform well?**
*   **Are you struggling with time management for studying?**
*   **Do you get anxious during the exam itself (test anxiety)?**
*   **Is it a specific subject or just exams in general?**

In the meantime, here are some general strategies that often help with exam stress:

1.  **Break it Down:** Instead of looking at the entire exam, break your study material into smaller, manageable chunks. Focus on one topic at a time.
2.  **Create a Study Schedule:** Plan out your study time, including breaks. A structured approach can reduce feelings of overwhelm. Be realistic about what you can achieve each day.
3.  **Active Learning:** Don't just read notes. Try active recall (testing yourself), explaining concepts to someone else, or doing practice problems. This is much more effective.
4.  **Prioritize Self-Care:**
    *   **Sleep:** Aim for 7-9 hours of quality sleep. A well-rested brain learns and performs better.
    *   **Nutrition:** Eat regular, balanced meals. Avoid excessive caffeine and sugary snacks that can lead to energy crashes.
    *   **Movement:** Even a short walk can clear your head and reduce tension.
    *   **Breaks:** Step away from your studies regularly. Do something enjoyable or relaxing.
5.  **Mindfulness & Relaxation:** Simple breathing exercises can make a big difference. When you feel overwhelmed, try taking a few slow, deep breaths. Inhale for 4 counts, hold for 4, exhale for 6.
6.  **Positive Self-Talk:** Challenge negative thoughts. Instead of ""I'm going to fail,"" try ""I'm doing my best to prepare, and that's what matters.""
7.  **Seek Support:** Talk to a friend, family member, teacher, or counselor about how you're feeling. Sometimes just sharing the burden helps.

Let me know if any of these resonate, or if you can share more details about your specific exam stress, and we can dive deeper!",False
2026-02-18T18:13:30.598966,user_7079,hi,Hi there! How can I help you today?,False
2026-02-18T18:15:34.366219,user_7079,i have a issue,"Oh no, I'm sorry to hear that. Please tell me more about what's going on. I'll do my best to help you.",False
2026-02-18T18:15:57.533904,user_7079,exam stress,"Oh, exam stress is incredibly common and can feel really overwhelming. You are definitely not alone in experiencing this.

It can manifest in so many ways â€“ difficulty concentrating, anxiety, sleep problems, irritability, or even physical symptoms.

To help you best, could you tell me a little more about what you're feeling or what aspects of exam stress are bothering you the most?

In the meantime, here are some general strategies that often help:

1.  **Acknowledge Your Feelings:** It's okay to feel stressed. Don't beat yourself up for it. Acknowledging it is the first step.
2.  **Break It Down:** Instead of looking at the whole mountain of exams, break your study into smaller, manageable chunks. Focus on one topic or one chapter at a time.
3.  **Create a Study Schedule:** Plan out your study time, but also schedule in breaks, meals, and relaxation. A structured approach can reduce the feeling of being overwhelmed.
4.  **Prioritize Self-Care:**
    *   **Sleep:** Aim for consistent, adequate sleep. It's crucial for memory and concentration.
    *   **Nutrition:** Eat regular, healthy meals. Avoid excessive caffeine or sugar crashes.
    *   **Exercise:** Even a short walk can clear your head and reduce tension.
    *   **Relaxation:** Practice deep breathing, mindfulness, or listen to calming music for a few minutes each day.
5.  **Practice Active Recall & Spaced Repetition:** Instead of just re-reading notes, actively test yourself. Try to explain concepts out loud or write them down from memory. Review material over several days rather than cramming.
6.  **Limit Distractions:** Find a quiet study space and put your phone away or use apps that block distracting websites.
7.  **Talk About It:** Share your feelings with a trusted friend, family member, teacher, or counselor. Sometimes just verbalizing your stress can make it feel lighter.
8.  **Perspective:** Remember that one exam or one grade doesn't define your entire future. Do your best, and that's all anyone can ask.
9.  **Positive Self-Talk:** Challenge negative thoughts. Instead of ""I'm going to fail,"" try ""I'm doing my best to prepare, and I can handle this.""

Which of these resonates with you, or is there a specific area you'd like to focus on?",False
2026-02-18T18:16:26.516479,user_7079,what are the that i can get,"Ah, it looks like there might be a small typo in your question, but I think you're asking about **""what are the [symptoms/effects] that I can get""** from exam stress, or perhaps **""what are the [resources/help] that I can get""** to deal with it.

Let's assume you're asking about the **symptoms or effects of exam stress** that you might experience. These can manifest in various ways:

### Common Symptoms of Exam Stress:

**1. Emotional/Psychological Symptoms:**
*   **Anxiety and Worry:** Constant worrying about failing, not being prepared, or the future.
*   **Irritability:** Feeling easily annoyed or frustrated.
*   **Mood Swings:** Feeling happy one moment and sad or angry the next.
*   **Feeling Overwhelmed:** A sense of having too much to do and not enough time or ability.
*   **Fear of Failure:** Intense dread of not meeting expectations.
*   **Difficulty Concentrating:** Finding it hard to focus on studies or other tasks.
*   **Negative Self-Talk:** Thoughts like ""I'm not smart enough,"" ""I'm going to fail,"" ""There's no point.""
*   **Restlessness:** Feeling agitated or unable to relax.
*   **Depressed Mood:** Feeling sad, hopeless, or losing interest in activities you usually enjoy.

**2. Physical Symptoms:**
*   **Headaches:** Tension headaches are very common.
*   **Stomach Problems:** Nausea, stomach aches, indigestion, diarrhea, or constipation.
*   **Muscle Tension:** Especially in the neck, shoulders, and back.
*   **Fatigue:** Feeling constantly tired, even after sleeping.
*   **Sleep Disturbances:** Difficulty falling asleep, staying asleep, or waking up too early.
*   **Changes in Appetite:** Eating more or less than usual.
*   **Increased Heart Rate:** Feeling your heart pound or race.
*   **Sweating:** Excessive sweating, especially in the palms.
*   **Shaking or Trembling:** Feeling shaky or having shaky hands.
*   **Dizziness or Lightheadedness.**

**3. Behavioral Symptoms:**
*   **Procrastination:** Delaying studying or avoiding tasks related to exams.
*   **Social Withdrawal:** Pulling away from friends and family.
*   **Restlessness:** Fidgeting, pacing, or an inability to sit still.
*   **Nail-Biting or Other Nervous Habits:** Increased nervous habits.
*   **Increased Use of Substances:** (e.g., caffeine, alcohol, or other drugs) to cope, which can be counterproductive.
*   **Avoiding Study:** Finding excuses not to study, even when you know you should.

**4. Cognitive Symptoms:**
*   **Memory Problems:** Difficulty recalling information you've studied.
*   **Racing Thoughts:** Your mind feels like it's going a million miles an hour.
*   **Difficulty Making Decisions:** Even simple ones.
*   **Poor Judgment:** Making hasty or ill-advised choices.

It's important to remember that not everyone experiences all of these, and the intensity can vary. If you're experiencing several of these symptoms, especially if they are severe or persistent, it's a clear sign that the stress is impacting your well-being.

Could you clarify if you were indeed asking about symptoms, or if you meant something else, like ""what help can I get""?",False
2026-02-18T18:16:54.869741,user_7079,what are the steps can i get free from stress,"Okay, that's a great question! Getting ""free"" from stress might be a strong word, as a little bit of stress can actually be motivating. But the goal is to manage it so it doesn't overwhelm you and negatively impact your well-being and performance.

Here are practical steps you can take to significantly reduce and manage exam stress:

### Steps to Get Free From (or Manage) Exam Stress:

**1. Acknowledge and Understand Your Stress:**
*   **Identify Triggers:** What specifically makes you stressed? Is it the amount of material, fear of failure, time pressure, or something else? Understanding this helps you target the problem.
*   **Validate Your Feelings:** It's okay to feel stressed. Don't judge yourself for it. Acknowledging it is the first step to addressing it.

**2. Plan and Organize Your Study:**
*   **Create a Realistic Study Schedule:** Break down all your subjects and topics into smaller, manageable chunks. Allocate specific times for each. Don't forget to schedule breaks!
*   **Prioritize:** Figure out what's most important or what you struggle with most and allocate more time there.
*   **Use a Planner/Calendar:** Visually seeing your plan can reduce anxiety about forgetting things or running out of time.
*   **Start Early:** The earlier you start, the less pressure you'll feel closer to the exam.

**3. Adopt Effective Study Techniques:**
*   **Active Recall:** Instead of just re-reading, test yourself. Try to recall information from memory (e.g., flashcards, self-quizzing, explaining concepts aloud). This is much more effective for memory retention.
*   **Spaced Repetition:** Review material over several days or weeks, rather than cramming it all at once. This strengthens memory.
*   **Practice Papers:** Do past exam papers under timed conditions. This familiarizes you with the format, types of questions, and helps manage time during the actual exam.
*   **Study Groups (Wisely):** If you find them helpful, study with others to discuss concepts, but ensure they are productive and not just social gatherings.
*   **Avoid Cramming:** While sometimes unavoidable, cramming leads to poor retention and high stress.

**4. Prioritize Self-Care (Non-Negotiable!):**
*   **Sleep:** Aim for 7-9 hours of quality sleep per night. Sleep deprivation severely impairs memory, concentration, and mood.
*   **Nutrition:** Eat regular, balanced meals. Avoid excessive caffeine, sugary snacks, and processed foods that can lead to energy crashes and increased anxiety.
*   **Exercise:** Even 20-30 minutes of physical activity (walking, jogging, yoga) can significantly reduce stress hormones and boost mood.
*   **Breaks:** Schedule short, regular breaks during study sessions (e.g., 5-10 minutes every hour). Step away from your desk, stretch, or do something non-academic.
*   **Relaxation Techniques:** Practice deep breathing exercises, mindfulness, meditation, or listen to calming music. Even 5-10 minutes a day can make a difference.

**5. Manage Your Mindset and Emotions:**
*   **Challenge Negative Thoughts:** When you catch yourself thinking ""I'm going to fail,"" or ""I can't do this,"" consciously reframe it to something more positive and realistic, like ""I'm doing my best to prepare,"" or ""I will focus on what I can control.""
*   **Focus on Progress, Not Perfection:** Celebrate small wins and acknowledge your efforts.
*   **Visualize Success:** Spend a few minutes imagining yourself calmly and confidently taking the exam and doing well.
*   **Limit Social Media/Distractions:** Excessive scrolling can increase anxiety and waste valuable study time.
*   **Perspective:** Remember that one exam or one grade doesn't define your worth or your entire future. Do your best, and that's what truly matters.

**6. Seek Support:**
*   **Talk to Someone:** Share your feelings with a trusted friend, family member, teacher, or school counselor. Sometimes just verbalizing your stress can make it feel lighter.
*   **Utilize School Resources:** Many schools and universities offer counseling services, academic support, or workshops on stress management.

**7. On Exam Day:**
*   **Get Enough Sleep:** Don't pull an all-nighter.
*   **Eat a Healthy Breakfast:** Fuel your brain.
*   **Arrive Early:** Give yourself plenty of time to get to the exam venue without rushing.
*   **Deep Breaths:** If you feel panic rising, take a few slow, deep breaths to calm your nervous system.
*   **Read Instructions Carefully:** Take your time to understand what's being asked.

By consistently applying these steps, you can significantly reduce the grip of exam stress and approach your exams with a clearer mind and greater confidence. Which of these steps feels most challenging or most helpful to you right now?",False
2026-02-18T18:17:26.508374,user_7079,ok thank you bye!,"You're very welcome! I hope these steps help you feel more in control and less stressed.

Remember, you've got this. Good luck with your exams!

Feel free to reach out again if you need anything else. Bye for now!",False
2026-02-18T18:20:30.677220,user_7079,hi,"Hi there! Welcome back.

How can I help you today? Do you have another question or issue you'd like to discuss?",False
2026-02-18T18:20:37.980297,user_7079,who are you,"I am a large language model, trained by Google.",False

